"SHIP","SURVEY","EVENT_ID","STATION","GEAR","PARTITION","EQ_TIME","EQ_LATITUDE","EQ_LONGITUDE","HB_TIME","HB_LATITUDE","HB_LONGITUDE","HEAD_ROPE_DEPTH","NET_HEIGHT","HEAD_ROPE_TEMP","DOORSOUT","DO_LATITUDE","DO_LONGITUDE","AVG_NET_VERT_OPENING","AVG_NET_HORI_OPENING","AVG_HEAD_ROPE_DEPTH","AVG_TRAWL_WIRE_OUT","BOTTOM_DEPTH_END","BOTTOM_DEPTH_START","EVENT_TYPE","PERFORMANCE_CODE","COMMENTS"
135,202101,7,"2","CanTrawl","Codend","08202017 20:50:05.758",59.9987,-169.0296,"08202017 21:20:31.511",59.999,-169.1023,,14.5,,"",,,14.5,50.5,,330,43,41,50,0,""
135,202101,117,"29","Bongo/FastCat","Codend","09082021 20:24:04.768",62.4977,-166.9944,"",,,,,,"",,,,,,,33,33,11,0,""
135,202101,188,"46","CanTrawl","Codend","09142021 21:13:08.053",64.099,-162.5339,"09142021 21:43:33.765",64.0955,-162.6147,,15.42,,"",,,15.42,51.78,,330,20,20,50,0,""
135,202101,37,"9","Benthic Grab","Codend","09022021 00:30:15.695",60.499,-166.9927,"",,,,,,"",,,,,,,27,27,56,0,""
135,202101,34,"8","Bongo/FastCat","Codend","09012021 20:30:21.492",60.5007,-168.0077,"",,,,,,"",,,,,,,29,29,11,0,""
135,202101,199,"52","3m Beam Trawl","Codend","09152021 21:03:01.205",64.3031,-167.0059,"09152021 21:08:05.983",64.3045,-167.008,,,,"",,,,,,,30,30,3,0,""
135,202101,146,"36","3m Beam Trawl","Codend","09112021 02:07:04.660",64.4952,-168.9991,"09112021 02:12:09.406",64.4932,-168.9998,,,,"",,,,,,,41,41,3,0,""
135,202101,3,"1","CanTrawl","Codend","08202017 16:47:59.297",59.997,-168.0383,"08202017 17:18:24.535",59.9941,-168.118,,18.83,,"",,,18.83,50.46,,,21,21,50,0,""
135,202101,9,"3","Benthic Grab","Codend","08212017 00:34:17.594",60.0002,-169.9954,"",,,,,,"",,,,,,,55,55,56,0,""
135,202101,190,"48","CTD","Codend","09152021 04:06:14.378",63.8003,-164.4995,"",,,,,,"",,,,,,,,,51,0,""
135,202101,98,"24","3m Beam Trawl","Codend","09072021 01:31:35.846",61.9944,-171.0053,"09072021 01:36:45.444",61.9929,-171.006,,,,"",,,,,,,49,49,3,0,""
135,202101,196,"51","CTD","Codend","09152021 19:29:01.131",64.3674,-167.3336,"",,,,,,"",,,,,,,,,51,0,""
135,202101,174,"43","3m Beam Trawl","Codend","09132021 20:27:01.964",64.0041,-165.9966,"09132021 20:32:07.069",64.0053,-165.994,,,,"",,,,,,,21,21,3,0,""
135,202101,119,"29","CanTrawl","Codend","09082021 21:04:55.933",62.5076,-166.9963,"09082021 21:35:21.788",62.5424,-166.9984,,18.25,,"",,,18.25,50.55,,330,33,33,50,0,""
135,202101,85,"21","3m Beam Trawl","Codend","09062021 01:07:17.585",62.0035,-168.0161,"09062021 01:12:24.655",62.0044,-168.02,,,,"",,,,,,,27,27,3,0,""
135,202101,183,"45","3m Beam Trawl","Codend","09142021 16:30:19.614",64.1015,-163.4875,"09142021 16:35:24.282",64.1013,-163.4837,,,,"",,,,,,,23,23,3,0,"2nd beam trawl.  Net twisted on first attempt."
135,202101,65,"16","CTD","Codend","09042021 16:00:59.663",61.4984,-169.9992,"",,,,,,"",,,,,,,,,51,0,""
135,202101,181,"45","Bongo/FastCat","Codend","09142021 16:07:59.837",64.1003,-163.4994,"",,,,,,"",,,,,,,23,23,11,0,""
135,202101,87,"22","CTD","Codend","09062021 16:03:24.922",61.9972,-168.999,"",,,,,,"",,,,,,,,,51,0,""
135,202101,32,"8","Benthic Grab","Codend","09012021 20:22:40.265",60.4994,-168.0026,"",,,,,,"",,,,,,,29,29,56,0,""
135,202101,27,"7","CTD","Codend","09012021 16:01:13.001",60.5007,-169.0013,"",,,,,,"",,,,,,,,,51,0,""
135,202101,99,"24","CanTrawl","Codend","09072021 02:02:15.819",62.0053,-170.9941,"09072021 02:32:41.699",62.0409,-170.9749,,20.86,,"",,,20.86,50.81,,330,49,49,50,0,""
135,202101,95,"23","CanTrawl","Codend","09062021 21:31:05.190",61.9902,-170.02,"09062021 22:01:30.406",61.9757,-170.0833,,22.94,,"09062021 21:25:39.072",61.9951,-170.0086,22.94,50.02,,330,44,44,50,0,""
135,202101,120,"30","CTD","Codend","09092021 00:43:51.762",63.0009,-166.9995,"",,,,,,"",,,,,,,,,51,0,""
135,202101,157,"39","Bongo/FastCat","Codend","09122021 16:11:30.043",64.5002,-166.9999,"",,,,,,"",,,,,,,25,27,11,0,""
135,202101,106,"26","3m Beam Trawl","Codend","09072021 20:43:42.872",62.4925,-169.9823,"09072021 20:48:47.650",62.4922,-169.9773,,,,"",,,,,,,36,36,3,0,""
135,202101,136,"34","CTD","Codend","09102021 15:58:50.073",63.495,-168.0046,"",,,,,,"",,,,,,,,,51,0,""
135,202101,152,"38","CTD","Codend","09112021 20:59:14.386",65.0022,-167.5036,"",,,,,,"",,,,,,,,,51,0,""
135,202101,133,"33","Bongo/FastCat","Codend","09102021 00:34:12.486",63.5005,-166.9983,"",,,,,,"",,,,,,,27,27,11,0,""
135,202101,15,"4","Benthic Grab","Codend","08312021 16:15:11.951",60.0003,-171.0095,"",,,,,,"",,,,,,,68,68,56,0,""
135,202101,137,"34","Bongo/FastCat","Codend","09102021 16:06:56.391",63.4938,-168.0063,"",,,,,,"",,,,,,,32,32,11,0,""
135,202101,176,"44","CTD","Codend","09142021 01:41:57.376",64.1006,-164.4977,"",,,,,,"",,,,,,,,,51,0,""
135,202101,198,"52","CTD","Codend","09152021 20:55:46.878",64.3006,-167.0001,"",,,,,,"",,,,,,,,,51,0,""
135,202101,82,"20","CanTrawl","Codend","09052021 21:28:04.661",61.9978,-167.0458,"09052021 21:58:30.616",61.9949,-167.121,,18.86,,"",,,18.86,52,,330,29,29,50,0,""
135,202101,41,"10","CTD","Codend","09022021 16:25:07.798",61.0058,-167.0026,"",,,,,,"",,,,,,,,,51,0,""
135,202101,1,"1","Benthic Grab","Codend","08202017 16:17:01.428",60.0006,-168.0064,"",,,,,,"",,,,,,,21,21,56,0,""
135,202101,45,"11","CTD","Codend","09022021 20:28:38.688",61.0025,-168.002,"",,,,,,"",,,,,,,,,51,0,""
135,202101,114,"28","3m Beam Trawl","Codend","09082021 16:23:19.604",62.4971,-168.0003,"09082021 16:28:24.334",62.4951,-167.9998,,,,"",,,,,,,29,29,3,0,""
135,202101,30,"7","CanTrawl","Codend","09012021 16:38:17.334",60.4999,-168.9578,"09012021 17:08:43.064",60.503,-168.8885,,16.76,,"",,,16.76,49.71,,330,37,38,50,0,""
135,202101,124,"31","CTD","Codend","09092021 16:00:07.057",62.9991,-165.9965,"",,,,,,"",,,,,,,,,51,0,""
135,202101,38,"9","Bongo/FastCat","Codend","09022021 00:36:11.187",60.4986,-166.9949,"",,,,,,"",,,,,,,27,27,11,0,""
135,202101,24,"6","Bongo/FastCat","Codend","09012021 01:13:40.048",60.5026,-169.9969,"",,,,,,"",,,,,,,50,50,11,0,""
135,202101,52,"12","3m Beam Trawl","Codend","09032021 00:49:44.196",61.0099,-169.0063,"09032021 00:54:48.848",61.0117,-169.0069,,,,"",,,,,,,37,37,3,0,""
135,202101,109,"27","Bongo/FastCat","Codend","09082021 00:30:27.685",62.4987,-168.9955,"",,,,,,"",,,,,,,31,31,11,0,""
135,202101,8,"3","CTD","Codend","08212017 00:28:12.157",59.9993,-169.9957,"",,,,,,"",,,,,,,,,51,0,""
135,202101,16,"4","Bongo/FastCat","Codend","08312021 16:25:54.657",60.0017,-171.0082,"",,,,,,"",,,,,,,68,68,11,0,""
135,202101,189,"47","3m Beam Trawl","Codend","09152021 01:11:35.558",63.8018,-163.5031,"09152021 01:16:40.241",63.8019,-163.5077,,,,"",,,,,,,15,15,3,0,""
135,202101,63,"15","CTD","Codend","09042021 02:42:18.261",61.499,-170.9936,"",,,,,,"",,,,,,,,,51,0,""
135,202101,160,"40","CTD","Codend","09122021 19:55:00.846",64.5,-168.001,"",,,,,,"",,,,,,,,,51,0,""
135,202101,108,"27","CTD","Codend","09082021 00:22:45.163",62.4998,-168.998,"",,,,,,"",,,,,,,,,51,0,""
135,202101,29,"7","Bongo/FastCat","Codend","09012021 16:15:52.084",60.4998,-168.9997,"",,,,,,"",,,,,,,38,38,11,0,""
135,202101,53,"12","CanTrawl","Codend","09032021 01:22:32.639",61.0247,-169.0165,"09032021 01:52:58.372",61.0122,-169.0751,,18.9,,"",,,18.9,50.05,,330,37,37,50,0,""
135,202101,161,"40","Bongo/FastCat","Codend","09122021 20:03:47.272",64.5019,-168.0009,"",,,,,,"",,,,,,,35,35,11,0,""
135,202101,128,"32","CTD","Codend","09092021 20:19:35.740",63.4994,-165.9995,"",,,,,,"",,,,,,,,,51,0,""
135,202101,138,"34","3m Beam Trawl","Codend","09102021 16:15:04.497",63.4911,-168.0115,"09102021 16:20:09.244",63.4901,-168.015,,,,"",,,,,,,32,32,3,0,""
135,202101,142,"35","3m Beam Trawl","Codend","09102021 21:36:41.501",63.9968,-169.0048,"09102021 21:41:47.058",63.995,-169.0072,,,,"",,,,,,,34,34,3,0,""
135,202101,90,"22","CanTrawl","Codend","09062021 16:52:01.487",61.9953,-169.0215,"09062021 17:22:27.318",61.9894,-169.0887,,21.47,,"",,,21.47,48.92,,330,37,37,50,0,""
135,202101,185,"46","CTD","Codend","09142021 20:33:35.514",64.1004,-162.499,"",,,,,,"",,,,,,,,,51,0,""
135,202101,94,"23","3m Beam Trawl","Codend","09062021 21:10:09.058",61.9892,-169.9994,"09062021 21:10:09.058",61.9892,-169.9994,,,,"",,,,,,,44,44,3,0,"not a valid event"
135,202101,21,"5","CanTrawl","Codend","08312021 21:17:22.612",60.5071,-170.9639,"08312021 21:47:48.592",60.5135,-170.9012,,22.36,,"",,,22.36,45.68,,330,62,62,50,0,""
135,202101,103,"25","CanTrawl","Codend","09072021 16:56:22.224",62.5101,-170.9937,"09072021 17:26:47.704",62.5321,-170.9294,,20.68,,"09072021 16:49:28.184",62.5025,-171.0062,20.68,45.1,,330,44,44,50,0,""
135,202101,187,"46","3m Beam Trawl","Codend","09142021 20:45:33.240",64.1023,-162.4928,"09142021 20:50:38.017",64.1028,-162.4883,,,,"",,,,,,,20,20,3,0,""
135,202101,19,"5","Benthic Grab","Codend","08312021 20:47:25.638",60.5011,-170.9986,"",,,,,,"",,,,,,,62,62,56,0,""
135,202101,80,"20","CTD","Codend","09052021 21:01:01.200",62.0006,-166.9998,"",,,,,,"",,,,,,,,,51,0,""
135,202101,47,"11","Bongo/FastCat","Codend","09022021 20:39:04.289",61.0028,-168.0077,"",,,,,,"",,,,,,,29,29,11,6,"odd data at bottom of cast again.  Not good data."
135,202101,39,"9","3m Beam Trawl","Codend","09022021 00:46:12.923",60.5007,-166.9993,"09022021 00:51:17.373",60.5021,-167.0015,,,,"",,,,,,,27,27,3,0,""
135,202101,163,"40","CanTrawl","Codend","09122021 20:41:38.336",64.4888,-167.9962,"09122021 21:12:07.561",64.4602,-168.0103,,22.1,,"",,,22.1,50.4,,330,35,35,50,0,""
135,202101,194,"50","CTD","Codend","09152021 18:07:22.076",64.4985,-167.5017,"",,,,,,"",,,,,,,,,51,0,""
135,202101,164,"41","CTD","Codend","09132021 00:36:13.004",63.999,-167.9993,"",,,,,,"",,,,,,,,,51,0,""
135,202101,40,"9","CanTrawl","Codend","09022021 01:20:30.286",60.5281,-166.9901,"09022021 01:50:55.938",60.5649,-166.9853,,20.56,,"",,,20.56,52.15,,330,27,27,50,0,""
135,202101,56,"13","Bongo/FastCat","Codend","09032021 16:53:00.378",60.9978,-169.9922,"",,,,,,"",,,,,,,46,46,11,0,""
135,202101,141,"35","Bongo/FastCat","Codend","09102021 21:28:21.205",63.9993,-169.0015,"",,,,,,"",,,,,,,34,34,11,0,""
135,202101,175,"43","CanTrawl","Codend","09132021 20:53:35.486",63.9992,-165.9558,"09132021 21:24:08.010",63.9872,-165.8895,,17.83,,"",,,17.83,52.55,,330,21,21,50,0,""
135,202101,84,"21","Bongo/FastCat","Codend","09062021 00:58:16.211",62.0016,-168.0068,"",,,,,,"",,,,,,,27,27,11,0,""
135,202101,46,"11","Benthic Grab","Codend","09022021 20:34:22.336",61.0019,-168.0025,"",,,,,,"",,,,,,,29,29,56,0,""
135,202101,153,"38","Bongo/FastCat","Codend","09112021 21:06:04.136",65.0039,-167.5026,"",,,,,,"",,,,,,,26,26,11,0,""
135,202101,197,"51","3m Beam Trawl","Codend","09152021 19:35:25.505",64.3696,-167.3373,"09152021 19:40:30.235",64.3712,-167.3398,,,,"",,,,,,,30,30,3,0,""
135,202101,36,"9","CTD","Codend","09022021 00:25:32.951",60.4992,-166.9952,"",,,,,,"",,,,,,,,,51,0,""
135,202101,125,"31","Bongo/FastCat","Codend","09092021 16:07:34.063",62.9976,-165.9971,"",,,,,,"",,,,,,,21,21,11,0,""
135,202101,25,"6","3m Beam Trawl","Codend","09012021 01:27:00.790",60.5015,-169.9888,"09012021 01:32:05.598",60.5006,-169.9869,,,,"",,,,,,,50,50,3,0,""
135,202101,54,"13","CTD","Codend","09032021 16:04:32.005",61.0017,-169.9956,"",,,,,,"",,,,,,,,,51,0,""
135,202101,170,"42","3m Beam Trawl","Codend","09132021 16:18:19.835",64.0033,-166.9954,"09132021 16:23:24.643",64.0049,-166.9938,,,,"",,,,,,,32,32,3,0,""
135,202101,49,"12","CTD","Codend","09032021 00:23:55.916",61.0013,-169.0004,"",,,,,,"",,,,,,,,,51,0,""
135,202101,115,"28","CanTrawl","Codend","09082021 16:52:51.397",62.4953,-167.9574,"09082021 17:23:17.009",62.4987,-167.8848,,17.7,,"09082021 16:46:29.852",62.4942,-167.9751,17.7,42.4,,330,29,29,8,0,"net not spreading as much, may be due to current."
135,202101,70,"17","Bongo/FastCat","Codend","09042021 20:40:06.231",61.5018,-169.0037,"",,,,,,"",,,,,,,36,36,11,0,""
135,202101,113,"28","Bongo/FastCat","Codend","09082021 16:14:46.378",62.5007,-168.0007,"",,,,,,"",,,,,,,29,29,11,0,""
135,202101,180,"45","CTD","Codend","09142021 16:03:59.511",64.0994,-163.4984,"",,,,,,"",,,,,,,,,51,0,""
135,202101,121,"30","Bongo/FastCat","Codend","09092021 00:51:36.220",62.9994,-166.9956,"",,,,,,"",,,,,,,25,25,11,0,""
135,202101,132,"33","CTD","Codend","09102021 00:26:17.170",63.5004,-167.0027,"",,,,,,"",,,,,,,,,51,0,""
135,202101,167,"41","CanTrawl","Codend","09132021 01:24:12.658",63.996,-167.9302,"09132021 01:54:38.389",63.9993,-167.8503,,21.87,,"",,,21.87,47.91,,330,36,36,50,0,""
135,202101,165,"41","Bongo/FastCat","Codend","09132021 00:42:59.251",63.9985,-167.9966,"",,,,,,"",,,,,,,36,36,11,0,""
135,202101,172,"43","CTD","Codend","09132021 20:16:05.224",64.0003,-166.0012,"",,,,,,"",,,,,,,,,51,0,""
135,202101,97,"24","Bongo/FastCat","Codend","09072021 01:19:33.612",61.998,-171.003,"",,,,,,"",,,,,,,49,49,11,0,""
135,202101,149,"37","Bongo/FastCat","Codend","09112021 16:13:20.786",65.4009,-168.0086,"",,,,,,"",,,,,,,38,38,11,0,""
135,202101,26,"6","CanTrawl","Codend","09012021 02:03:58.018",60.5035,-169.9368,"09012021 02:34:25.823",60.5034,-169.8643,,21.87,,"",,,21.87,48.78,,330,50,50,50,0,""
135,202101,43,"10","Bongo/FastCat","Codend","09022021 16:40:01.741",61.006,-167.0011,"",,,,,,"",,,,,,,22,22,11,0,"bad temp salinity profile"
135,202101,17,"4","CanTrawl","Codend","08312021 16:50:49.411",60.0042,-170.9748,"08312021 17:21:15.173",60.025,-170.9302,,19.29,,"",,,19.29,50.18,,330,68,68,50,0,""
135,202101,20,"5","Bongo/FastCat","Codend","08312021 20:57:17.976",60.5032,-170.997,"",,,,,,"",,,,,,,62,62,11,0,""
135,202101,201,"53","3m Beam Trawl","Codend","09152021 22:31:32.105",64.3663,-166.6519,"09152021 22:36:36.008",64.3646,-166.6498,,,,"",,,,,,,28,28,3,0,""
135,202101,12,"3","3m Beam Trawl","Codend","08212017 01:17:26.129",59.9978,-169.9669,"08212017 01:22:29.205",59.9963,-169.9689,,,,"",,,,,,,55,55,3,0,"2nd attempt at beam trawl"
135,202101,18,"5","CTD","Codend","08312021 20:39:34.703",60.5,-170.9946,"",,,,,,"",,,,,,,,,51,0,""
135,202101,193,"49","3m Beam Trawl","Codend","09152021 16:07:21.006",64.7527,-167.2543,"09152021 16:12:25.799",64.7544,-167.2569,,,,"",,,,,,,28,28,3,0,""
135,202101,168,"42","CTD","Codend","09132021 16:02:02.560",64.0004,-166.9984,"",,,,,,"",,,,,,,,,51,0,""
135,202101,72,"18","CTD","Codend","09052021 00:33:35.412",61.4995,-167.9984,"",,,,,,"",,,,,,,,,51,0,""
135,202101,6,"2","Bongo/FastCat","Codend","08202017 20:28:27.147",60.0024,-169.0018,"",,,,,,"",,,,,,,41,41,11,0,""
135,202101,86,"21","CanTrawl","Codend","09062021 01:38:53.513",61.9996,-168.0545,"09062021 02:09:19.368",62.0002,-168.1289,,20.39,,"",,,20.39,50.02,,330,28,27,50,0,""
135,202101,177,"44","Bongo/FastCat","Codend","09142021 01:48:27.875",64.0998,-164.4936,"",,,,,,"",,,,,,,19,19,11,0,""
135,202101,151,"37","CanTrawl","Codend","09112021 17:06:56.094",65.389,-167.9904,"09112021 17:37:21.856",65.3732,-167.951,,23.58,,"",,,23.58,49.22,,330,38,38,50,0,""
135,202101,31,"8","CTD","Codend","09012021 20:17:53.075",60.4995,-168.0016,"",,,,,,"",,,,,,,,,51,0,""
135,202101,200,"53","CTD","Codend","09152021 22:24:54.580",64.3679,-166.653,"",,,,,,"",,,,,,,,,51,0,""
135,202101,75,"18","CanTrawl","Codend","09052021 01:20:27.494",61.5022,-167.9813,"09052021 01:50:53.303",61.5039,-167.9092,,19.62,,"",,,19.62,51.76,,330,28,28,50,0,""
135,202101,159,"39","CanTrawl","Codend","09122021 16:49:57.952",64.503,-167.0381,"09122021 17:20:23.695",64.5025,-167.1279,,21.5,,"",,,21.5,50.57,,330,27,27,50,0,""
135,202101,5,"2","Benthic Grab","Codend","08202017 20:21:41.323",60.0028,-169.0036,"",,,,,,"",,,,,,,41,41,56,0,""
135,202101,118,"29","3m Beam Trawl","Codend","09082021 20:33:40.222",62.4934,-166.9938,"09082021 20:38:44.921",62.4919,-166.9934,,,,"",,,,,,,33,33,3,0,""
135,202101,148,"37","CTD","Codend","09112021 16:04:01.087",65.4008,-168.0023,"",,,,,,"",,,,,,,,,51,0,""
135,202101,11,"3","3m Beam Trawl","Codend","08212017 00:54:32.968",59.9998,-169.9779,"08212017 00:59:39.149",59.9996,-169.9727,,,,"",,,,,,,55,55,3,0,""
135,202101,186,"46","Bongo/FastCat","Codend","09142021 20:39:15.890",64.1018,-162.4991,"",,,,,,"",,,,,,,20,20,11,0,""
135,202101,77,"19","Bongo/FastCat","Codend","09052021 16:17:02.759",61.4983,-166.9996,"",,,,,,"",,,,,,,21,21,11,0,"depth is too shallow, CTD profile is not accurate"
135,202101,129,"32","Bongo/FastCat","Codend","09092021 20:28:53.880",63.4988,-165.9959,"",,,,,,"",,,,,,,24,24,11,0,""
135,202101,74,"18","3m Beam Trawl","Codend","09052021 00:51:30.406",61.5054,-168.0099,"09052021 00:56:35.214",61.5068,-168.0126,,,,"",,,,,,,28,28,3,0,""
135,202101,162,"40","3m Beam Trawl","Codend","09122021 20:12:49.849",64.5023,-167.9938,"09122021 20:17:54.533",64.5026,-167.9905,,,,"",,,,,,,35,35,3,0,""
135,202101,195,"50","3m Beam Trawl","Codend","09152021 18:14:11.070",64.501,-167.5048,"09152021 18:19:15.832",64.5028,-167.5063,,,,"",,,,,,,30,30,3,0,""
135,202101,155,"38","CanTrawl","Codend","09112021 21:43:32.697",64.9996,-167.4955,"09112021 22:13:58.443",64.9732,-167.484,,21.04,,"",,,21.04,49.47,,330,26,26,50,0,""
135,202101,130,"32","3m Beam Trawl","Codend","09092021 20:36:30.106",63.497,-165.9911,"09092021 20:41:34.852",63.4961,-165.9874,,,,"",,,,,,,24,24,3,0,""
135,202101,102,"25","3m Beam Trawl","Codend","09072021 16:24:47.626",62.4958,-171.0083,"09072021 16:29:52.372",62.4943,-171.0102,,,,"",,,,,,,44,44,3,0,""
135,202101,179,"44","CanTrawl","Codend","09142021 02:26:42.878",64.1026,-164.4292,"09142021 02:57:12.680",64.1026,-164.3456,,17.58,,"",,,17.58,51.51,,330,19,19,50,0,""
135,202101,44,"10","CanTrawl","Codend","09022021 17:00:11.773",61.0072,-167.0247,"09022021 17:30:37.472",61.0017,-167.0956,,18.32,,"",,,18.32,50.73,,330,22,22,50,0,""
135,202101,131,"32","CanTrawl","Codend","09092021 21:09:37.904",63.4962,-166.0308,"09092021 21:40:02.830",63.4953,-166.1111,,18.65,,"09092021 21:04:19.710",63.4975,-166.0134,18.65,51.8,,330,24,24,50,0,""
135,202101,79,"19","CanTrawl","Codend","09052021 17:01:39.497",61.5021,-167.0204,"09052021 17:33:55.936",61.5273,-167.0638,,19.2,,"09052021 16:46:53.432",61.4926,-167.0028,19.2,48.35,,330,21,21,50,0,""
135,202101,134,"33","3m Beam Trawl","Codend","09102021 00:42:16.015",63.4997,-166.9907,"09102021 00:47:20.808",63.4993,-166.986,,,,"",,,,,,,27,27,3,0,""
135,202101,51,"12","Bongo/FastCat","Codend","09032021 00:36:19.801",61.0032,-169.0016,"",,,,,,"",,,,,,,37,37,11,0,""
135,202101,107,"26","CanTrawl","Codend","09072021 21:15:33.491",62.4966,-169.9147,"09072021 21:45:58.557",62.5036,-169.8267,,20.8,,"09072021 21:08:38.937",62.4945,-169.9375,20.8,45.89,,330,36,36,50,0,""
135,202101,147,"36","CanTrawl","Codend","09112021 02:36:09.758",64.5086,-168.9713,"09112021 03:06:35.504",64.5376,-168.9255,,18.65,,"",,,18.65,43.85,,330,41,41,50,0,""
135,202101,81,"20","Bongo/FastCat","Codend","09052021 21:10:05.248",61.9992,-167.0046,"",,,,,,"",,,,,,,29,29,11,0,""
135,202101,150,"37","3m Beam Trawl","Codend","09112021 16:26:47.444",65.399,-168.0061,"09112021 16:36:56.796",65.3975,-168.0065,,,,"",,,,,,,38,38,3,0,"net not on bottom.  Towed for an additional 5 min after slack was taken up on line.  Estimated 5 min for tow time."
135,202101,104,"26","CTD","Codend","09072021 20:24:38.304",62.4999,-169.9952,"",,,,,,"",,,,,,,,,51,0,""
135,202101,35,"8","CanTrawl","Codend","09012021 20:48:07.153",60.5041,-167.9788,"09012021 21:18:32.930",60.5056,-167.9142,,17.05,,"",,,17.05,51.75,,330,29,29,50,0,""
135,202101,66,"16","Bongo/FastCat","Codend","09042021 16:13:26.814",61.501,-170.0018,"",,,,,,"",,,,,,,45,45,11,0,""
135,202101,76,"19","CTD","Codend","09052021 16:08:46.898",61.5018,-166.9989,"",,,,,,"",,,,,,,,,51,0,""
135,202101,140,"35","CTD","Codend","09102021 21:19:52.199",64.0006,-169.0008,"",,,,,,"",,,,,,,,,51,0,""
135,202101,64,"15","CanTrawl","Codend","09042021 03:00:53.872",61.5111,-171.0118,"09042021 03:31:19.712",61.5447,-171.0168,,22.65,,"",,,22.65,48.75,,330,51,50,50,0,""
135,202101,116,"29","CTD","Codend","09082021 20:16:41.371",62.4995,-166.9961,"",,,,,,"",,,,,,,,,51,0,""
135,202101,139,"34","CanTrawl","Codend","09102021 16:50:01.085",63.5088,-168.062,"09102021 17:20:28.000",63.5353,-168.1188,,20.95,,"",,,20.95,49.3,,330,32,32,50,0,""
135,202101,28,"7","Benthic Grab","Codend","09012021 16:07:06.455",60.5009,-169.0021,"",,,,,,"",,,,,,,38,38,56,0,""
135,202101,61,"15","Bongo/FastCat","Codend","09042021 01:41:11.742",61.5034,-171.0105,"",,,,,,"",,,,,,,50,50,11,0,""
135,202101,67,"16","3m Beam Trawl","Codend","09042021 16:24:26.551",61.5055,-170.007,"09042021 16:29:29.815",61.5072,-170.0092,,,,"",,,,,,,45,45,3,0,""
135,202101,178,"44","3m Beam Trawl","Codend","09142021 01:54:40.761",64.1,-164.4873,"09142021 01:59:45.523",64.1001,-164.4826,,,,"",,,,,,,19,19,3,0,""
135,202101,91,"23","CTD","Codend","09062021 20:40:32.158",62.0002,-169.9995,"",,,,,,"",,,,,,,,,51,0,""
135,202101,83,"21","CTD","Codend","09062021 00:49:30.595",62.0007,-168.0014,"",,,,,,"",,,,,,,,,51,0,""
135,202101,23,"6","Benthic Grab","Codend","09012021 01:05:23.788",60.5013,-170.0002,"",,,,,,"",,,,,,,50,50,56,0,""
135,202101,127,"31","CanTrawl","Codend","09092021 16:50:41.030",63.016,-166.006,"09092021 17:21:06.433",63.0528,-166.0044,,16.46,,"09092021 16:44:54.851",63.0071,-166.0042,16.46,52.13,,330,21,21,50,0,""
135,202101,122,"30","3m Beam Trawl","Codend","09092021 00:59:59.159",62.9962,-166.9942,"09092021 01:05:03.795",62.9942,-166.9941,,,,"",,,,,,,25,25,3,0,""
135,202101,169,"42","Bongo/FastCat","Codend","09132021 16:09:17.643",64.0006,-166.9997,"",,,,,,"",,,,,,,32,32,11,0,""
135,202101,123,"30","CanTrawl","Codend","09092021 01:27:19.169",63.0013,-166.9719,"09092021 01:57:44.915",63.0079,-166.8963,,16.91,,"",,,16.91,51.39,,330,30,30,50,0,""
135,202101,57,"13","CanTrawl","Codend","09032021 17:11:37.625",61.0093,-170.0152,"09032021 17:42:10.687",61.0161,-170.0825,,21.4,,"",,,21.4,49.7,,330,46,46,50,0,""
135,202101,171,"42","CanTrawl","Codend","09132021 16:51:41.146",64.0045,-166.9441,"09132021 17:22:07.064",64.0046,-166.8734,,23.2,,"",,,23.2,47.75,,330,32,32,50,0,""
135,202101,126,"31","3m Beam Trawl","Codend","09092021 16:15:58.629",62.9941,-165.9997,"09092021 16:21:03.422",62.9921,-166.0012,,,,"",,,,,,,21,21,3,0,""
135,202101,22,"6","CTD","Codend","09012021 00:58:13.138",60.5003,-169.9988,"",,,,,,"",,,,,,,,,51,0,""
135,202101,135,"33","CanTrawl","Codend","09102021 01:11:17.375",63.5038,-167.0196,"09102021 01:41:43.121",63.5035,-167.0916,,19.93,,"",,,19.93,52.28,,330,27,27,50,0,""
135,202101,182,"45","3m Beam Trawl","Codend","09142021 16:15:03.405",64.1008,-163.4943,"09142021 16:20:08.869",64.101,-163.4905,,,,"",,,,,,,23,23,3,0,""
135,202101,88,"22","Bongo/FastCat","Codend","09062021 16:13:08.131",61.9961,-168.9971,"",,,,,,"",,,,,,,37,37,11,0,""
135,202101,145,"36","Bongo/FastCat","Codend","09112021 01:57:01.773",64.4986,-168.9974,"",,,,,,"",,,,,,,41,41,11,0,""
135,202101,112,"28","CTD","Codend","09082021 16:06:45.380",62.5024,-168.0009,"",,,,,,"",,,,,,,,,51,0,""
135,202101,55,"13","Benthic Grab","Codend","09032021 16:36:41.360",60.994,-169.9848,"",,,,,,"",,,,,,,47,47,56,-5,"weather too rough to get a good sample"
135,202101,59,"14","Bongo/FastCat","Codend","09032021 21:09:49.920",60.9996,-171.0126,"",,,,,,"",,,,,,,55,55,11,0,""
135,202101,60,"14","CanTrawl","Codend","09032021 21:28:43.589",61.0155,-171.0359,"09032021 21:59:09.366",61.0451,-171.0772,,20.55,,"",,,20.55,49.45,,330,55,55,50,0,""
135,202101,48,"11","CanTrawl","Codend","09022021 20:58:00.684",61.007,-168.0525,"09022021 21:28:26.461",61.005,-168.1297,,17.9,,"",,,17.9,49,,330,29,29,50,0,""
135,202101,93,"23","3m Beam Trawl","Codend","09062021 20:59:14.416",61.9931,-169.9992,"09062021 21:04:19.115",61.9916,-170.0002,,,,"",,,,,,,44,44,3,0,""
135,202101,73,"18","Bongo/FastCat","Codend","09052021 00:42:50.669",61.5012,-168.0032,"",,,,,,"",,,,,,,28,28,11,0,""
135,202101,156,"39","CTD","Codend","09122021 16:03:22.163",64.4988,-167.0027,"",,,,,,"",,,,,,,,,51,0,""
135,202101,71,"17","CanTrawl","Codend","09042021 20:56:03.925",61.5028,-168.9718,"09042021 21:26:29.715",61.5017,-168.906,,20.38,,"",,,20.38,49.63,,330,36,36,50,0,""
135,202101,191,"48","3m Beam Trawl","Codend","09152021 04:11:36.800",63.801,-164.4947,"09152021 04:16:31.984",63.802,-164.4912,,,,"",,,,,,,16,16,3,0,""
135,202101,111,"27","CanTrawl","Codend","09082021 01:11:12.862",62.5002,-168.9767,"09082021 01:36:33.986",62.507,-168.9182,,21.05,,"09082021 01:05:01.394",62.4988,-168.9952,21.05,46.14,,330,31,31,50,0,"Haul back early due to net collapsing."
135,202101,144,"36","CTD","Codend","09112021 01:47:56.753",64.5,-169.0005,"",,,,,,"",,,,,,,,,51,0,""
135,202101,14,"4","CTD","Codend","08312021 16:06:54.113",60.0003,-171.0021,"",,,,,,"",,,,,,,,,51,0,""
135,202101,62,"15","3m Beam Trawl","Codend","09042021 01:56:00.785",61.508,-171.0174,"09042021 02:01:05.406",61.5092,-171.0194,,,,"",,,,,,,50,50,3,0,""
135,202101,143,"35","CanTrawl","Codend","09102021 22:05:21.937",64.0112,-168.991,"09102021 22:35:47.699",64.0435,-168.9612,,18.31,,"",,,18.31,42.72,,330,34,34,50,0,""
135,202101,173,"43","Bongo/FastCat","Codend","09132021 20:20:59.470",64.0021,-165.9999,"",,,,,,"",,,,,,,21,21,11,0,""
135,202101,58,"14","CTD","Codend","09032021 20:50:34.316",60.9997,-171.0066,"",,,,,,"",,,,,,,,,51,0,""
135,202101,101,"25","Bongo/FastCat","Codend","09072021 16:13:47.942",62.4989,-171.0041,"",,,,,,"",,,,,,,44,44,11,0,""
135,202101,154,"38","3m Beam Trawl","Codend","09112021 21:14:57.143",65.0036,-167.5103,"09112021 21:20:01.951",65.005,-167.5141,,,,"",,,,,,,26,26,3,0,""
135,202101,184,"45","CanTrawl","Codend","09142021 16:58:33.776",64.1063,-163.4488,"09142021 17:28:58.153",64.1124,-163.3834,,21.41,,"",,,21.41,50.69,,330,23,23,50,0,""
135,202101,110,"27","3m Beam Trawl","Codend","09082021 00:40:54.474",62.4945,-168.9958,"09082021 00:45:59.797",62.4927,-168.9958,,,,"",,,,,,,31,31,3,0,""
135,202101,166,"41","3m Beam Trawl","Codend","09132021 00:52:01.947",63.9964,-167.9898,"09132021 00:57:06.599",63.9949,-167.9865,,,,"",,,,,,,36,36,3,0,""
135,202101,96,"24","CTD","Codend","09072021 01:06:50.526",61.9998,-171.0016,"",,,,,,"",,,,,,,,,51,0,""
135,202101,69,"17","CTD","Codend","09042021 20:26:56.815",61.5004,-168.9987,"",,,,,,"",,,,,,,,,51,0,""
135,202101,2,"1","Bongo/FastCat","Codend","08202017 16:20:35.093",60.0004,-168.0052,"",,,,,,"",,,,,,,21,21,11,0,""
135,202101,13,"3","CanTrawl","Codend","08212017 01:47:14.418",59.9972,-170.0025,"08212017 02:17:41.286",59.9983,-170.0645,,21.36,,"",,,21.36,50.88,,330,55,55,50,0,""
135,202101,78,"19","3m Beam Trawl","Codend","09052021 16:24:16.619",61.4945,-167.0029,"09052021 16:29:21.381",61.4921,-167.0037,,,,"",,,,,,,21,21,3,0,""
135,202101,192,"49","CTD","Codend","09152021 16:00:47.947",64.7501,-167.2512,"",,,,,,"",,,,,,,,,51,0,""
135,202101,158,"39","3m Beam Trawl","Codend","09122021 16:19:31.845",64.5006,-166.9935,"09122021 16:24:36.606",64.5011,-166.9897,,,,"",,,,,,,27,27,3,0,""
135,202101,4,"2","CTD","Codend","08202017 20:15:42.489",60.0014,-169.0017,"",,,,,,"",,,,,,,,,51,0,""
135,202101,42,"10","Benthic Grab","Codend","09022021 16:30:55.870",61.0046,-167.0004,"",,,,,,"",,,,,,,22,22,56,0,""
135,202101,10,"3","Bongo/FastCat","Codend","08212017 00:42:09.137",60.0007,-169.9898,"",,,,,,"",,,,,,,55,55,11,0,""
135,202101,92,"23","Bongo/FastCat","Codend","09062021 20:48:02.756",61.9974,-169.997,"",,,,,,"",,,,,,,44,44,11,0,""
135,202101,100,"25","CTD","Codend","09072021 16:03:37.746",62.4987,-171.005,"",,,,,,"",,,,,,,,,51,0,""
135,202101,89,"22","3m Beam Trawl","Codend","09062021 16:22:39.046",61.992,-168.9953,"09062021 16:27:43.806",61.99,-168.9945,,,,"",,,,,,,37,37,3,0,""
135,202101,68,"16","CanTrawl","Codend","09042021 16:58:02.027",61.506,-169.9733,"09042021 17:28:47.574",61.5073,-169.9024,,20.67,,"",,,20.67,49.12,,330,45,45,50,0,""
135,202101,50,"12","Benthic Grab","Codend","09032021 00:28:20.400",61.0011,-168.9999,"",,,,,,"",,,,,,,37,37,56,0,""
135,202101,105,"26","Bongo/FastCat","Codend","09072021 20:32:53.190",62.4981,-169.99,"",,,,,,"",,,,,,,36,36,11,0,""
